word,definition,example
serendipity,the occurrence of events by chance in a happy way,Meeting you was pure serendipity
ephemeral,lasting for a very short time,The beauty of cherry blossoms is ephemeral
ubiquitous,present everywhere at once,Smartphones are now ubiquitous in modern society
melancholy,a feeling of deep sadness,A sense of melancholy filled the room
eloquent,fluent and persuasive in speaking or writing,She gave an eloquent speech that moved everyone
pragmatic,dealing with things practically rather than idealistic,His pragmatic approach solved the problem quickly
resilient,able to recover quickly from difficulties,Children are remarkably resilient
ambiguous,having more than one possible meaning,The message was ambiguous and caused confusion
benevolent,well-meaning and kindly,She was known for her benevolent nature
meticulous,showing great attention to detail,He was meticulous in his work
